aligned,class,source
LPPGWEIRKDGR-GRVYYVDHNTRKTTWQRP,I,Literature_2023
LPPGWEIRYTAA-GERFFVDHNTRRTTFEDP,I,Literature_2023
--DNWEMAYTEK-GEVYFIDHNTKTTSWLDP,I,Literature_2023
LPPGWERRADSL-GRTYYVDHNTRTTTWTRP,I,Literature_2023
LPEGYEQRTTVQ-GQVYFLHTQTGVSTWHDP,I,Literature_2023
LPPGWEERTHTD-GRVFFINHNIKKTQWEDP,I,Literature_2023
-LPGWEERQDVL-GRTYYVNHESRTTQWKRP,I,Literature_2023
LPPGWEQRVD-QHGRVYYVDHVEKRTTWDRP,I,Literature_2023
LPPGWEERTHTD-GRIFYINHNIKRTQWEDP,I,Literature_2023
LPPGWEMKYTSE-GVRYFVDHNTRTTTFKDP,I,Literature_2023
LPSGWEMRLTNT-ARVYFVDHNTKTTTWDDP,I,Literature_2023
LPPGWEERIHLD-GRTFYIDHNSKITQWEDP,I,Literature_2023
LPSGWEERKDAK-GRTYYVNHNNRTTTWTRP,I,Literature_2023
LPPGWEQRYTPE-GRPYFVDHNTRTTTWVDP,I,Literature_2023
LPPGWEKRVDST-DRVYFVNHNTKTTQWEDP,I,Literature_2023
LPEGWEIRYTRE-GVRYFVDHNTRTTTFKDP,I,Literature_2023
LPDGWEQAMTQD-GEVYYINHKNKTTSWLDP,I,Literature_2023
LPPGWEIKIDPQTGWPFFVDHNSRTTTWNDP,I,Literature_2023
LPPGWEERVDPR-GFIYFVDHNTKTTQWQHP,I,Literature_2023
LPAGWEQRMDVK-GRPYFVDHNTKSTTWEDP,I,Literature_2023
LPPGWEMRVTSD-GVKYYVDHITQTTSWDRP,I,Literature_2023
LPPGWEKRVD-DTGVVYFVNHNNRTTQWDRP,I,Literature_2023
LPPGWEMAF-DQYGRVYFVDHNTRRTTWTDP,I,Literature_2023
LPENWEMAYTEN-GEVYPIDHNTKTTSWLDP,I,Literature_2023
LPSGWEMRLTNT-ARVYFVDHNTKTTTWDDP,I,Literature_2023
LPPGWEEKQDER-GRSYYVDHNSRTTTWTKP,I,Literature_2023
LPSGWEQRFTPE-GRAYFVDHNTRTTTWVDP,I,Literature_2023
LPKGWEVRHAPN-GRPFFIDHNTKTTTWEDP,I,Literature_2023
LPAGWEMAKTSS-GQRYFLNHIDQTTTWQDP,I,Literature_2023
LPPGWERRTDNF-GRTYYVDHNTRTTTWKRP,I,Literature_2023
LPPGWEQRVDQH-GRVYYVDHVEKRTTWDRP,I,Literature_2023
LPPGWEKRTDSN-GRVYFVNHNTRITQWEDP,I,Literature_2023
LPAGWEKIEDPVYG-IYYVDHINRKTQYENP,I,Literature_2023
LPPGWEVRSTVS-GRIYFVDHNNRTTQFTDP,I,Literature_2023
LPPGWEERTHTD-GRIFYINHNIKRTQWEDP,I,Literature_2023
LPPGWEERQDIL-GRTYYVNHESRRTQWKRP,I,Literature_2023
LPYGWEQETDEN-GQVFFVDHINKRTTYLDP,I,Literature_2023
VQGPWERAISPN-KVPYYINHETQTTCWDHP,I,Literature_2023
LPTGWEEAYTFE-GARYYINHNERKVTSKHP,I,Literature_2023
LPDGWEERRTAS-GRIQYLNHITRTTQWERP,I,Literature_2023
LPRSWTYGITRG-GRVFFINEEAKSTTWLHP,I,Literature_2023
LPPGWEERTTKD-GWVYYANHTEEKTQWEHP,I,Literature_2023
LPPGWEIIHEN--GRPLYYNAEQKTKLHYPP,I,Literature_2023
LPPGWTEHKAPS-GIPYYWNAELKKSTYQRP,II/III,Literature_2023
SKSPWKEYKSDS-GKPYYYNSQTKESRWAKP,II/III,Literature_2023
AKSMWTEHKSPD-GRTYYYNTETKQSTWEKP,II/III,Literature_2023
---EWQEFKTPA-GKKYYYNKNTKQSRWEKP,II/III,Literature_2023
LPAGWMRVQ-DTSGT-YYWHIPTGTTQWEPP,II/III,Literature_2023
----WVEGLSED-GFTYYYNTETGESRWEKP,II/III,Literature_2023
---DWSVHTNEK-GTPYYHNRVTKQTSWIKP,II/III,Literature_2023
LPLGWVEILSAD-GI-YYYNKTTKETQWTKP,II/III,Literature_2023
-KPGWTERKSED-GRTYYYNPYTGESQWERP,II/III,Literature_2023
LPPGWERRTDVE-GKVYYFNVRTLTTTWERP,II/III,Literature_2023
----WKEALSAD-GQKYFYNTQTGQSAWTKP,II/III,Literature_2023
EMGDWQEVWDENTGSYYYWNTQTNEVTWELP,II/III,Literature_2023
LPPSWYKVFDPSSGLPYYWNADTDLVSWLSP,II/III,Literature_2023
LPAGWMRVQDTS-G-TYYWHIPTGTTQWEPP,II/III,Literature_2023
VPSGWKAVFDDEYQTWYYVDLSTNSSQWEPP,II/III,Literature_2023
SKGRWVEGITSE-GYHYYYDLISGASQWEKP,II/III,Literature_2023
VKTVWVEGLSED-GFTYYYNTETGESRWEKP,II/III,Literature_2023
RENGWKAAKTAD-GKVYYYNPTTRETSWTIP,II/III,Literature_2023
LPPGWQSYLSPQ-GRRYYVNTTTNETTWERP,II/III,Literature_2023
LPKPWIVKISS-RNRPYFFNTETHESLWEPP,IV,Literature_2023
LPPGWEKRMSRSSGRVYYFNHITNASQWERP,IV,Literature_2023
LPPGWEKRMSRSSGRVYYFNHITNASQWERP,IV,Literature_2023
LPPGWEKRMSRSSGRVYYFNHITNASQWERP,IV,Literature_2023
LPKPWIVKISRSRNRPYFFNTETHESLWEPP,IV,Literature_2023
LPENWIVRHSRTYNKDYYYNTVTNESRWDAP,IV,Literature_2023
LPSGWEQRKDPH-GRTYYVDHNTRTTTWERP,I,Hu2004
LPPGWERRVDDR-RRVYYVDHNTRTTTWQRP,I,Hu2004
LPPGWEKRVDST-DRVYFVNHNTKTTQWEDP,I,Hu2004
LPEGWEIRYTRE-GVRYFVDHNTRTTTFKDP,I,Hu2004
LPAGWEQRELPN-GRVYYVDHNTKTTTWERP,I,Hu2004
LPPGWEKR-QDN-GRVYYVNHNTRTTQWEDP,I,Hu2004
LPPGWEMKYTSE-GVRYFVDHNTRTTTFKDP,I,Hu2004
LPENWEMAYTEN-GEVYFIDHNTKTTSWLDP,I,Hu2004
LPSGWEERKDAK-GRTYYVNHNNRTTTWTRP,I,Hu2004
LPPGWEMRIAPN-GRPFFIDHNTKTTTWEDP,I,Hu2004
LPPGWEERIHLD-GRTFYIDHNSKITQWEDP,I,Hu2004
LPAGWEKIEDPVYG-IYYVDHINRKTQYENP,I,Hu2004
LPDNWEMAYTEK-GEVYFIDHNTKTTSWLDP,I,Hu2004
LPYGWEKIDDPIYG-TYYVDHINRRTQFENP,I,Hu2004
LPPGWEQRVDQH-GRVYYVDHVEKRTTWDRP,I,Hu2004
LPPGWERRVDNM-GRIYYVDHFTRTTTWQRP,I,Hu2004
LPPGWEKRTDSN-GRVYFVNHNTRIIQWEDP,I,Hu2004
LPEGWEMRFTVD-GIPYFVDHNRRTTTYIDP,I,Hu2004
LPKNWEMAYTDT-GMIYFIDHNTKTTTWLDP,I,Hu2004
LPPGWEEKQDER-GRSYYVDHNSRTTTWTKP,I,Hu2004
LPKGWEVRHAPN-GRPFFIDHNTKTTTWEDP,I,Hu2004
LPPGWEERTHTD-GRIFYINHNIKRTQWEDP,I,Hu2004
LPYGWEKIEDPQYG-TYYVDHLNQKTQFENP,I,Hu2004
LPAGWEMAKTSS-GQRYFLNHIDQTTTWQDP,I,Hu2004
LPPNWEARIDSH-GRVFYVDHVNRTTTWQRP,I,Hu2004
LPRGWEIKTDQQ-GKSFFVDHNSRATTFIDP,I,Hu2004
LPPGWEEKVDNL-GRTYYVNHNNRTTQWHRP,I,Hu2004
LPPGWEVRSTVS-GRIYFVDHNNRTTQFTDP,I,Hu2004
LPPGWEIKIDPQTGWPFFVDHNSRTTTWNDP,I,Hu2004
LPPGWEERTTKD-GWVYYANHTEEKTQWEHP,I,Hu2004
LPYGWEQETDEN-GQVFFVDHINKRTTYLDP,I,Hu2004
--EPWTMGFSKSFKKKFFYNKKTKDSTFDLP,I,Hu2004
--TPWCVVWTGD-ERVFFYNPTTRLSMWDRP,I,Hu2004
---KWVKHWVKG-GYYYYHNLETQEGGWDEP,I,Hu2004
LPPGWQSYLSPQ-GRRYYVNTTTNETTWERP,II/III,Hu2004
--SEWTEYKTAD-GKTYYYNNRTLESTWEKP,II/III,Hu2004
---DWQEVWDENTGCYYYWNTQTNEVTWELP,II/III,Hu2004
---MWTEHKSPD-GRTYYYNTETKQSTWEKP,II/III,Hu2004
--DDWSEHISSS-GKKYYYNCRTEVSQWEKP,II/III,Hu2004
LPAGWMRVQDTS-G-TYYWHIPTGTTQWEPP,II/III,Hu2004
LPPGWKRVSDIA-G-TYYWHIPTGTTQWERP,II/III,Hu2004
LPPGWRKIHDAA-G-TYYWHVPSGSTQWQRP,II/III,Hu2004
----WSEHVAPD-GRIYYYNADDKQSVWEKP,II/III,Hu2004
-PKGWSCHWDRDHRRYFYVNEQSGESQWEFP,II/III,Hu2004
LPGEWKPCQDIT-GDIYYFNFANGQSMWDHP,II/III,Hu2004
LPPNWKTARDPE-GKIYYYHVITRQTQWDPP,II/III,Hu2004
---RWVEGITSE-GYHYYYDLISGASQWEKP,II/III,Hu2004
----WVEGLSED-GFTYYYNTETGESRWEKP,II/III,Hu2004
----------------YYYNTDSKESSWVTP,II/III,Hu2004
